Customer Code,Customer Name,Order Reference,Status
300053,AquaTech Innovations,PO000224,Cancelled
300053,AquaTech Innovations,R4500252083,Cancelled
300053,AquaTech Innovations,U4500279572,Cancelled
300126,ClearFlow Solutions,PO001047,Cancelled
300126,ClearFlow Solutions,PO001048,Cancelled
300126,ClearFlow Solutions,PO004520,Cancelled
300126,ClearFlow Solutions,PO006960,Cancelled
300154,HydroGenius Engineering,PO013183,Cancelled
300253,FluidStream Constructors,R4500252085,Cancelled
300253,FluidStream Constructors,U4500279374,Cancelled
300418,AquaWorks Solutions,PO004982,Cancelled
300418,AquaWorks Solutions,PO005171,Cancelled
300418,AquaWorks Solutions,PO010211,Cancelled
300689,HydroCraft Innovations,PO000153,Cancelled
300689,HydroCraft Innovations,PO000223,Cancelled
300689,HydroCraft Innovations,PO000233,Cancelled
300689,HydroCraft Innovations,PO002569,Cancelled
300861,FluidGenix Engineers,R4500252094,Cancelled
300861,FluidGenix Engineers,R4500252095,Cancelled
300941,AquaLink Technologies,PO000039,Cancelled
301319,WaterGenius Builders,PO000062,Cancelled
301319,WaterGenius Builders,PO001296,Cancelled
301319,WaterGenius Builders,PO001641,Cancelled
301319,WaterGenius Builders,PO001827,Cancelled
301319,WaterGenius Builders,PO003378,Cancelled
301319,WaterGenius Builders,PO003728,Cancelled
301319,WaterGenius Builders,PO003737,Cancelled
301319,WaterGenius Builders,PO003864,Cancelled
301319,WaterGenius Builders,PO004116,Cancelled
301319,WaterGenius Builders,PO004143,Cancelled
301319,WaterGenius Builders,PO004395,Cancelled
301319,WaterGenius Builders,PO004477,Cancelled
301319,WaterGenius Builders,PO006545,Cancelled
301319,WaterGenius Builders,PO006576,Cancelled
301319,WaterGenius Builders,PO006829,Cancelled
301319,WaterGenius Builders,PO007368,Cancelled
301319,WaterGenius Builders,PO007400,Cancelled
301319,WaterGenius Builders,PO008692,Cancelled
301319,WaterGenius Builders,PO008988,Cancelled
301319,WaterGenius Builders,PO009236,Cancelled
301319,WaterGenius Builders,PO009630,Cancelled
301319,WaterGenius Builders,PO009731,Cancelled
301319,WaterGenius Builders,PO010021,Cancelled
301319,WaterGenius Builders,PO010376,Cancelled
301319,WaterGenius Builders,PO010681,Cancelled
301319,WaterGenius Builders,PO012003,Cancelled
301319,WaterGenius Builders,PO013026,Cancelled
301506,HydroLogic Engineering,PO000837,Cancelled
301506,HydroLogic Engineering,PO000850,Cancelled
301506,HydroLogic Engineering,PO003337,Cancelled
301506,HydroLogic Engineering,R4500287792,Cancelled
301524,FluidCore Solutions,PO000906,Cancelled
301524,FluidCore Solutions,PO005780,Cancelled
301524,FluidCore Solutions,PO008536,Cancelled
301524,FluidCore Solutions,U4500279393,Cancelled
301594,Wales Water Innovations,PO004039,Cancelled
301594,Wales Water Innovations,PO006662,Cancelled
301594,Wales Water Innovations,PO009656,Cancelled
301594,Wales Water Innovations,PO010423,Cancelled
301594,Wales Water Innovations,PO010772,Cancelled
301684,Diamond Constructors,PO002490,Cancelled
301684,Diamond Constructors,PO009585,Cancelled
301684,Diamond Constructors,PO009678,Cancelled
301684,Diamond Constructors,PO010935,Cancelled
301684,Diamond Constructors,R4500254373,Cancelled
301693,PureStream Technologies,PO000154,Cancelled
301693,PureStream Technologies,PO000222,Cancelled
301693,PureStream Technologies,PO000232,Cancelled
301693,PureStream Technologies,PO000872,Cancelled
301693,PureStream Technologies,PO006589,Cancelled
301693,PureStream Technologies,PO013890,Cancelled
301693,PureStream Technologies,R4500279543B,Cancelled
301693,PureStream Technologies,S4500279543,Cancelled
301756,Flow Inc.,PO000063,Cancelled
301756,Flow Inc.,PO000147,Cancelled
301756,Flow Inc.,PO000155,Cancelled
301756,Flow Inc.,PO000213,Cancelled
301756,Flow Inc.,PO000646,Cancelled
301756,Flow Inc.,PO001299,Cancelled
301756,Flow Inc.,PO001458,Cancelled
301756,Flow Inc.,PO001478,Cancelled
301756,Flow Inc.,PO001830,Cancelled
301756,Flow Inc.,PO001844,Cancelled
301756,Flow Inc.,PO001845,Cancelled
301756,Flow Inc.,PO001846,Cancelled
301756,Flow Inc.,PO002038,Cancelled
301756,Flow Inc.,PO002136,Cancelled
301756,Flow Inc.,PO002193,Cancelled
301756,Flow Inc.,PO003127,Cancelled
301756,Flow Inc.,PO011814,Cancelled
301756,Flow Inc.,PO012097,Cancelled
301756,Flow Inc.,PO012549,Cancelled
301823,Circle Innovations,PO006040,Cancelled
301823,Circle Innovations,PO006490,Cancelled
301823,Circle Innovations,PO007226,Cancelled
301823,Circle Innovations,PO011093,Cancelled
302238,HydroWise Engineering,PO000152,Cancelled
302238,HydroWise Engineering,PO000415,Cancelled
302238,HydroWise Engineering,PO000432,Cancelled
302238,HydroWise Engineering,PO000462,Cancelled
302238,HydroWise Engineering,PO001074,Cancelled
302238,HydroWise Engineering,PO001144,Cancelled
302238,HydroWise Engineering,PO002620,Cancelled
302238,HydroWise Engineering,PO002741,Cancelled
302238,HydroWise Engineering,PO005407,Cancelled
302238,HydroWise Engineering,R4500279549,Cancelled
302238,HydroWise Engineering,R4500279549B,Cancelled
302238,HydroWise Engineering,U4500279549,Cancelled
302394,FluidCraft Constructors,PO006054,Cancelled
302748,WaterLogic Builders,R4500279653,Cancelled
302934,CrystalLogic Solutions,PO000009,Cancelled
302934,CrystalLogic Solutions,PO000653,Cancelled
302934,CrystalLogic Solutions,PO000655,Cancelled
302934,CrystalLogic Solutions,PO000656,Cancelled
302934,CrystalLogic Solutions,PO003177,Cancelled
302934,CrystalLogic Solutions,PO004214,Cancelled
302934,CrystalLogic Solutions,PO004215,Cancelled
302934,CrystalLogic Solutions,PO004216,Cancelled
302934,CrystalLogic Solutions,PO004646,Cancelled
303107,PureWave Engineering,PO002976,Cancelled
303107,PureWave Engineering,PO005797,Cancelled
305196,FluidWorks Constructors,PO009848,Cancelled
305196,FluidWorks Constructors,PO010162,Cancelled
305252,AquaFlow Technologies,PO003872,Cancelled
305252,AquaFlow Technologies,PO004619,Cancelled
305252,AquaFlow Technologies,PO004620,Cancelled
305252,AquaFlow Technologies,PO004735,Cancelled
305710,ClearTech Solutions,PO010689,Cancelled
305710,ClearTech Solutions,PO011262,Cancelled
306040,WaterCraft Innovations,PO013462,Cancelled
306040,WaterCraft Innovations,U4500288112,Cancelled
306148,AquaLogic Engineering,PO003108,Cancelled
306280,HydroLink Builders,PO001382,Cancelled
306280,HydroLink Builders,PO002247,Cancelled
306280,HydroLink Builders,PO002358,Cancelled
306280,HydroLink Builders,PO002359,Cancelled
306280,HydroLink Builders,PO002360,Cancelled
306280,HydroLink Builders,PO002497,Cancelled
306280,HydroLink Builders,PO002744,Cancelled
306280,HydroLink Builders,PO003793,Cancelled
306280,HydroLink Builders,PO012818,Cancelled
306519,FluidLinx Innovations,PO000842,Cancelled
306519,FluidLinx Innovations,PO001480,Cancelled
306519,FluidLinx Innovations,PO003018,Cancelled
306519,FluidLinx Innovations,PO007054,Cancelled
306519,FluidLinx Innovations,PO009624,Cancelled
307876,WaterTech Constructors,PO003237,Cancelled
307876,WaterTech Constructors,PO003239,Cancelled
307876,WaterTech Constructors,PO006261,Cancelled
308315,HydroStream Innovations,PO004760,Cancelled
308315,HydroStream Innovations,PO007198,Cancelled
308315,HydroStream Innovations,PO009183,Cancelled
308315,HydroStream Innovations,PO010180,Cancelled
308315,HydroStream Innovations,PO010868,Cancelled
308457,FluidWave Builders,PO007875,Cancelled
308486,PureGenius Solutions,PO007487,Cancelled
308486,PureGenius Solutions,PO007580,Cancelled
308486,PureGenius Solutions,PO008211,Cancelled
308486,PureGenius Solutions,PO008416,Cancelled
308486,PureGenius Solutions,PO008417,Cancelled
308486,PureGenius Solutions,PO008418,Cancelled
308486,PureGenius Solutions,PO008419,Cancelled
308486,PureGenius Solutions,PO008729,Cancelled
308486,PureGenius Solutions,PO011204,Cancelled
308486,PureGenius Solutions,PO011944,Cancelled
308491,Hydro Engineering,PO004413,Cancelled
308550,HydroSys Constructors,PO000108,Cancelled
308550,HydroSys Constructors,PO000311,Cancelled
308550,HydroSys Constructors,PO000345,Cancelled
308550,HydroSys Constructors,PO000936,Cancelled
308550,HydroSys Constructors,PO001066,Cancelled
308550,HydroSys Constructors,PO001179,Cancelled
308550,HydroSys Constructors,PO001355,Cancelled
308550,HydroSys Constructors,PO001424,Cancelled
308550,HydroSys Constructors,PO001493,Cancelled
308550,HydroSys Constructors,PO001707,Cancelled
308550,HydroSys Constructors,PO001753,Cancelled
308550,HydroSys Constructors,PO001804,Cancelled
308550,HydroSys Constructors,PO002189,Cancelled
308550,HydroSys Constructors,PO002192,Cancelled
308550,HydroSys Constructors,PO002210,Cancelled
308550,HydroSys Constructors,PO002211,Cancelled
308550,HydroSys Constructors,PO002601,Cancelled
308550,HydroSys Constructors,PO002649,Cancelled
308550,HydroSys Constructors,PO002650,Cancelled
308550,HydroSys Constructors,PO002651,Cancelled
308550,HydroSys Constructors,PO002694,Cancelled
308550,HydroSys Constructors,PO002899,Cancelled
308550,HydroSys Constructors,PO003022,Cancelled
308550,HydroSys Constructors,PO003173,Cancelled
308550,HydroSys Constructors,PO003174,Cancelled
308550,HydroSys Constructors,PO003196,Cancelled
308550,HydroSys Constructors,PO003232,Cancelled
308550,HydroSys Constructors,PO003311,Cancelled
308550,HydroSys Constructors,PO003635,Cancelled
308550,HydroSys Constructors,PO004258,Cancelled
308550,HydroSys Constructors,PO004355,Cancelled
308550,HydroSys Constructors,PO004386,Cancelled
308550,HydroSys Constructors,PO004387,Cancelled
308550,HydroSys Constructors,PO004402,Cancelled
308550,HydroSys Constructors,PO004492,Cancelled
308550,HydroSys Constructors,PO004503,Cancelled
308550,HydroSys Constructors,PO004504,Cancelled
308550,HydroSys Constructors,PO004788,Cancelled
308550,HydroSys Constructors,PO004795,Cancelled
308550,HydroSys Constructors,PO004802,Cancelled
308550,HydroSys Constructors,PO004889,Cancelled
308550,HydroSys Constructors,PO005019,Cancelled
308550,HydroSys Constructors,PO005020,Cancelled
308550,HydroSys Constructors,PO005036,Cancelled
308550,HydroSys Constructors,PO005042,Cancelled
308550,HydroSys Constructors,PO005044,Cancelled
308550,HydroSys Constructors,PO005045,Cancelled
308550,HydroSys Constructors,PO005047,Cancelled
308550,HydroSys Constructors,PO005060,Cancelled
308550,HydroSys Constructors,PO005061,Cancelled
308550,HydroSys Constructors,PO005065,Cancelled
308550,HydroSys Constructors,PO005076,Cancelled
308550,HydroSys Constructors,PO005079,Cancelled
308550,HydroSys Constructors,PO005080,Cancelled
308550,HydroSys Constructors,PO005185,Cancelled
308550,HydroSys Constructors,PO005196,Cancelled
308550,HydroSys Constructors,PO005278,Cancelled
308550,HydroSys Constructors,PO005311,Cancelled
308550,HydroSys Constructors,PO005554,Cancelled
308550,HydroSys Constructors,PO005574,Cancelled
308550,HydroSys Constructors,PO005590,Cancelled
308550,HydroSys Constructors,PO005717,Cancelled
308550,HydroSys Constructors,PO005776,Cancelled
308550,HydroSys Constructors,PO005847,Cancelled
308550,HydroSys Constructors,PO005896,Cancelled
308550,HydroSys Constructors,PO005942,Cancelled
308550,HydroSys Constructors,PO006758,Cancelled
308550,HydroSys Constructors,PO006962,Cancelled
308550,HydroSys Constructors,PO007433,Cancelled
308550,HydroSys Constructors,PO007613,Cancelled
308550,HydroSys Constructors,PO008610,Cancelled
308550,HydroSys Constructors,PO010397,Cancelled
308550,HydroSys Constructors,PO010762,Cancelled
308550,HydroSys Constructors,PO011092,Cancelled
308550,HydroSys Constructors,PO011458,Cancelled
308550,HydroSys Constructors,PO011592,Cancelled
308550,HydroSys Constructors,PO012807,Cancelled
308550,HydroSys Constructors,PO013189,Cancelled
308550,HydroSys Constructors,R4500254372,Cancelled
308550,HydroSys Constructors,R4500281642,Cancelled
308550,HydroSys Constructors,R4500286706,Cancelled
308680,FluidSphere Innovations,PO006888,Cancelled
308680,FluidSphere Innovations,PO008277,Cancelled
308742,AquaTech Solutions,PO004487,Cancelled
308742,AquaTech Solutions,PO007185,Cancelled
308742,AquaTech Solutions,PO008784,Cancelled
308742,AquaTech Solutions,PO008982,Cancelled
308815,ClearStream Builders,PO000228,Cancelled
308815,ClearStream Builders,PO004210,Cancelled
308815,ClearStream Builders,R4500286704,Cancelled
308815,ClearStream Builders,U4500278589,Cancelled
308815,ClearStream Builders,U4500289207,Cancelled
308900,WaterGen Innovations,PO000280,Cancelled
308900,WaterGen Innovations,PO000518,Cancelled
308900,WaterGen Innovations,PO000941,Cancelled
308900,WaterGen Innovations,PO001051,Cancelled
308900,WaterGen Innovations,PO001603,Cancelled
308900,WaterGen Innovations,PO002345,Cancelled
308900,WaterGen Innovations,PO002346,Cancelled
308900,WaterGen Innovations,PO002347,Cancelled
308900,WaterGen Innovations,PO002348,Cancelled
308900,WaterGen Innovations,PO002349,Cancelled
308900,WaterGen Innovations,PO002350,Cancelled
308900,WaterGen Innovations,PO002352,Cancelled
308900,WaterGen Innovations,PO002353,Cancelled
308900,WaterGen Innovations,PO003787,Cancelled
308900,WaterGen Innovations,PO004482,Cancelled
308900,WaterGen Innovations,PO004767,Cancelled
308900,WaterGen Innovations,PO005833,Cancelled
308900,WaterGen Innovations,PO007410,Cancelled
308900,WaterGen Innovations,PO013117,Cancelled
309155,AquaLink Engineering,PO009632,Cancelled
309413,WaterLogic Solutions,PO008254,Cancelled
309498,FluidGenix Innovations,PO001404,Cancelled
309498,FluidGenix Innovations,PO001405,Cancelled
309498,FluidGenix Innovations,PO001787,Cancelled
309498,FluidGenix Innovations,S4500286233,Cancelled
310007,AquaWorks Constructors,PO012676,Cancelled
310057,WaterCraft Builders,PO000442,Cancelled
311306,FluidLogic Solutions,PO001077,Cancelled
311306,FluidLogic Solutions,PO001125,Cancelled
311306,FluidLogic Solutions,PO001149,Cancelled
311306,FluidLogic Solutions,PO002958,Cancelled
311306,FluidLogic Solutions,PO003334,Cancelled
311306,FluidLogic Solutions,PO003807,Cancelled
311306,FluidLogic Solutions,PO003878,Cancelled
311306,FluidLogic Solutions,PO004109,Cancelled
311306,FluidLogic Solutions,PO004564,Cancelled
311306,FluidLogic Solutions,PO004657,Cancelled
311306,FluidLogic Solutions,PO004658,Cancelled
311306,FluidLogic Solutions,PO005371,Cancelled
311306,FluidLogic Solutions,PO006782,Cancelled
311306,FluidLogic Solutions,PO007180,Cancelled
311306,FluidLogic Solutions,PO007301,Cancelled
311306,FluidLogic Solutions,PO008898,Cancelled
311306,FluidLogic Solutions,PO009487,Cancelled
311306,FluidLogic Solutions,U4500251319,Cancelled
311341,AquaPulse Innovations,PO000013,Cancelled
311341,AquaPulse Innovations,PO000017,Cancelled
311341,AquaPulse Innovations,PO000180,Cancelled
311341,AquaPulse Innovations,PO003020,Cancelled
311341,AquaPulse Innovations,PO003903,Cancelled
311341,AquaPulse Innovations,PO004548,Cancelled
311341,AquaPulse Innovations,PO004632,Cancelled
311341,AquaPulse Innovations,PO004821,Cancelled
311341,AquaPulse Innovations,PO005018,Cancelled
311341,AquaPulse Innovations,PO005229,Cancelled
311341,AquaPulse Innovations,PO005230,Cancelled
311341,AquaPulse Innovations,PO009864,Cancelled
311341,AquaPulse Innovations,PO009880,Cancelled
311341,AquaPulse Innovations,R4500286698,Cancelled
311341,AquaPulse Innovations,U4500263495,Cancelled
311695,PureFlow Technologies,PO003388,Cancelled
311706,WaterFlow Solutions,PO000086,Cancelled
311706,WaterFlow Solutions,PO000094,Cancelled
311706,WaterFlow Solutions,PO000302,Cancelled
311706,WaterFlow Solutions,PO000346,Cancelled
311706,WaterFlow Solutions,PO000347,Cancelled
311706,WaterFlow Solutions,PO000359,Cancelled
311706,WaterFlow Solutions,PO000366,Cancelled
311706,WaterFlow Solutions,PO000485,Cancelled
311706,WaterFlow Solutions,PO000522,Cancelled
311706,WaterFlow Solutions,PO000570,Cancelled
311706,WaterFlow Solutions,PO000596,Cancelled
311706,WaterFlow Solutions,PO000629,Cancelled
311706,WaterFlow Solutions,PO000682,Cancelled
311706,WaterFlow Solutions,PO000776,Cancelled
311706,WaterFlow Solutions,PO000825,Cancelled
311706,WaterFlow Solutions,PO001055,Cancelled
311706,WaterFlow Solutions,PO001150,Cancelled
311706,WaterFlow Solutions,PO001228,Cancelled
311706,WaterFlow Solutions,PO001233,Cancelled
311706,WaterFlow Solutions,PO001235,Cancelled
311706,WaterFlow Solutions,PO001301,Cancelled
311706,WaterFlow Solutions,PO001311,Cancelled
311706,WaterFlow Solutions,PO001374,Cancelled
311706,WaterFlow Solutions,PO001409,Cancelled
311706,WaterFlow Solutions,PO001474,Cancelled
311706,WaterFlow Solutions,PO001475,Cancelled
311706,WaterFlow Solutions,PO001477,Cancelled
311706,WaterFlow Solutions,PO001507,Cancelled
311706,WaterFlow Solutions,PO001549,Cancelled
311706,WaterFlow Solutions,PO001685,Cancelled
311706,WaterFlow Solutions,PO002327,Cancelled
311706,WaterFlow Solutions,PO002328,Cancelled
311706,WaterFlow Solutions,PO002329,Cancelled
311706,WaterFlow Solutions,PO002330,Cancelled
311706,WaterFlow Solutions,PO002331,Cancelled
311706,WaterFlow Solutions,PO002339,Cancelled
311706,WaterFlow Solutions,PO002362,Cancelled
311706,WaterFlow Solutions,PO002387,Cancelled
311706,WaterFlow Solutions,PO002414,Cancelled
311706,WaterFlow Solutions,PO002454,Cancelled
311706,WaterFlow Solutions,PO002457,Cancelled
311706,WaterFlow Solutions,PO002463,Cancelled
311706,WaterFlow Solutions,PO002477,Cancelled
311706,WaterFlow Solutions,PO002486,Cancelled
311706,WaterFlow Solutions,PO002516,Cancelled
311706,WaterFlow Solutions,PO002531,Cancelled
311706,WaterFlow Solutions,PO002532,Cancelled
311706,WaterFlow Solutions,PO002622,Cancelled
311706,WaterFlow Solutions,PO002625,Cancelled
311706,WaterFlow Solutions,PO002665,Cancelled
311706,WaterFlow Solutions,PO002670,Cancelled
311706,WaterFlow Solutions,PO002699,Cancelled
311706,WaterFlow Solutions,PO002718,Cancelled
311706,WaterFlow Solutions,PO002787,Cancelled
311706,WaterFlow Solutions,PO002820,Cancelled
311706,WaterFlow Solutions,PO002827,Cancelled
311706,WaterFlow Solutions,PO002843,Cancelled
311706,WaterFlow Solutions,PO002937,Cancelled
311706,WaterFlow Solutions,PO002949,Cancelled
311706,WaterFlow Solutions,PO002962,Cancelled
311706,WaterFlow Solutions,PO002969,Cancelled
311706,WaterFlow Solutions,PO002983,Cancelled
311706,WaterFlow Solutions,PO002985,Cancelled
311706,WaterFlow Solutions,PO002986,Cancelled
311706,WaterFlow Solutions,PO002988,Cancelled
311706,WaterFlow Solutions,PO002989,Cancelled
311706,WaterFlow Solutions,PO002998,Cancelled
311706,WaterFlow Solutions,PO002999,Cancelled
311706,WaterFlow Solutions,PO003000,Cancelled
311706,WaterFlow Solutions,PO003001,Cancelled
311706,WaterFlow Solutions,PO003057,Cancelled
311706,WaterFlow Solutions,PO003068,Cancelled
311706,WaterFlow Solutions,PO003088,Cancelled
311706,WaterFlow Solutions,PO003120,Cancelled
311706,WaterFlow Solutions,PO003178,Cancelled
311706,WaterFlow Solutions,PO003181,Cancelled
311706,WaterFlow Solutions,PO003189,Cancelled
311706,WaterFlow Solutions,PO003210,Cancelled
311706,WaterFlow Solutions,PO003241,Cancelled
311706,WaterFlow Solutions,PO003263,Cancelled
311706,WaterFlow Solutions,PO003289,Cancelled
311706,WaterFlow Solutions,PO003321,Cancelled
311706,WaterFlow Solutions,PO003412,Cancelled
311706,WaterFlow Solutions,PO003455,Cancelled
311706,WaterFlow Solutions,PO003469,Cancelled
311706,WaterFlow Solutions,PO003473,Cancelled
311706,WaterFlow Solutions,PO003474,Cancelled
311706,WaterFlow Solutions,PO003487,Cancelled
311706,WaterFlow Solutions,PO003490,Cancelled
311706,WaterFlow Solutions,PO003498,Cancelled
311706,WaterFlow Solutions,PO003553,Cancelled
311706,WaterFlow Solutions,PO003572,Cancelled
311706,WaterFlow Solutions,PO003640,Cancelled
311706,WaterFlow Solutions,PO003666,Cancelled
311706,WaterFlow Solutions,PO003689,Cancelled
311706,WaterFlow Solutions,PO003789,Cancelled
311706,WaterFlow Solutions,PO003874,Cancelled
311706,WaterFlow Solutions,PO003894,Cancelled
311706,WaterFlow Solutions,PO003983,Cancelled
311706,WaterFlow Solutions,PO004118,Cancelled
311706,WaterFlow Solutions,PO004238,Cancelled
311706,WaterFlow Solutions,PO004353,Cancelled
311706,WaterFlow Solutions,PO004534,Cancelled
311706,WaterFlow Solutions,PO004589,Cancelled
311706,WaterFlow Solutions,PO004778,Cancelled
311706,WaterFlow Solutions,PO004935,Cancelled
311706,WaterFlow Solutions,PO004959,Cancelled
311706,WaterFlow Solutions,PO005010,Cancelled
311706,WaterFlow Solutions,PO005075,Cancelled
311706,WaterFlow Solutions,PO005484,Cancelled
311706,WaterFlow Solutions,PO005485,Cancelled
311706,WaterFlow Solutions,PO005504,Cancelled
311706,WaterFlow Solutions,PO006187,Cancelled
311706,WaterFlow Solutions,PO006995,Cancelled
311706,WaterFlow Solutions,PO007217,Cancelled
311706,WaterFlow Solutions,PO007493,Cancelled
311706,WaterFlow Solutions,PO008489,Cancelled
311706,WaterFlow Solutions,PO009653,Cancelled
311706,WaterFlow Solutions,PO010713,Cancelled
311706,WaterFlow Solutions,PO-BD002302,Cancelled
311706,WaterFlow Solutions,R4500272217,Cancelled
311706,WaterFlow Solutions,R4500285012,Cancelled
311706,WaterFlow Solutions,R4500286309,Cancelled
311706,WaterFlow Solutions,U,Cancelled
311706,WaterFlow Solutions,U4500287026,Cancelled
311706,WaterFlow Solutions,UA4500285015,Cancelled
311749,AquaGenius Builders,PO012836,Cancelled
311803,HydroSphere Innovations,PO010529,Cancelled
311817,FluidStream Engineering,PO000226,Cancelled
311817,FluidStream Engineering,PO002263,Cancelled
311817,FluidStream Engineering,PO003609,Cancelled
311817,FluidStream Engineering,PO004307,Cancelled
311817,FluidStream Engineering,U4500279673,Cancelled
311916,AquaCore Solutions,PO001417,Cancelled
311916,AquaCore Solutions,PO002127,Cancelled
311916,AquaCore Solutions,PO002959,Cancelled
311916,AquaCore Solutions,PO003345,Cancelled
311916,AquaCore Solutions,PO003346,Cancelled
311916,AquaCore Solutions,PO004427,Cancelled
311916,AquaCore Solutions,PO004543,Cancelled
311916,AquaCore Solutions,PO005025,Cancelled
311916,AquaCore Solutions,PO005406,Cancelled
311916,AquaCore Solutions,PO005617,Cancelled
311916,AquaCore Solutions,PO006249,Cancelled
311916,AquaCore Solutions,PO006331,Cancelled
311916,AquaCore Solutions,PO007756,Cancelled
311916,AquaCore Solutions,PO009603,Cancelled
311916,AquaCore Solutions,PO009644,Cancelled
311916,AquaCore Solutions,PO011171,Cancelled
311916,AquaCore Solutions,PO011697,Cancelled
311916,AquaCore Solutions,PO012198,Cancelled
311916,AquaCore Solutions,PO012524,Cancelled
311916,AquaCore Solutions,PO012990,Cancelled
311916,AquaCore Solutions,PO012991,Cancelled
311916,AquaCore Solutions,PO013301,Cancelled
311916,AquaCore Solutions,PO013341,Cancelled
311916,AquaCore Solutions,PO013641,Cancelled
311941,ClearGenius Innovations,PO000272,Cancelled
311941,ClearGenius Innovations,PO000659,Cancelled
311941,ClearGenius Innovations,PO000807,Cancelled
311941,ClearGenius Innovations,PO000809,Cancelled
311941,ClearGenius Innovations,PO000810,Cancelled
311941,ClearGenius Innovations,PO000811,Cancelled
311941,ClearGenius Innovations,PO000812,Cancelled
311941,ClearGenius Innovations,PO000891,Cancelled
311941,ClearGenius Innovations,PO000892,Cancelled
311941,ClearGenius Innovations,PO000893,Cancelled
311941,ClearGenius Innovations,PO001091,Cancelled
311941,ClearGenius Innovations,PO001147,Cancelled
311941,ClearGenius Innovations,PO001160,Cancelled
311941,ClearGenius Innovations,PO001194,Cancelled
311941,ClearGenius Innovations,PO001207,Cancelled
311941,ClearGenius Innovations,PO001333,Cancelled
311941,ClearGenius Innovations,PO001597,Cancelled
311941,ClearGenius Innovations,PO001926,Cancelled
311941,ClearGenius Innovations,PO002273,Cancelled
311941,ClearGenius Innovations,PO002954,Cancelled
311941,ClearGenius Innovations,PO003387,Cancelled
311941,ClearGenius Innovations,PO003532,Cancelled
311941,ClearGenius Innovations,PO004559,Cancelled
311941,ClearGenius Innovations,PO005325,Cancelled
311941,ClearGenius Innovations,PO005525,Cancelled
311941,ClearGenius Innovations,PO006771,Cancelled
311941,ClearGenius Innovations,PO007191,Cancelled
311941,ClearGenius Innovations,PO008896,Cancelled
311941,ClearGenius Innovations,PO009320,Cancelled
311941,ClearGenius Innovations,PO009474,Cancelled
311941,ClearGenius Innovations,PO010120,Cancelled
311941,ClearGenius Innovations,PO010797,Cancelled
311941,ClearGenius Innovations,PO011226,Cancelled
311941,ClearGenius Innovations,PO011730,Cancelled
311941,ClearGenius Innovations,PO011834,Cancelled
311941,ClearGenius Innovations,PO011940,Cancelled
311941,ClearGenius Innovations,PO012406,Cancelled
311941,ClearGenius Innovations,R4500284619,Cancelled
311941,ClearGenius Innovations,R4500284623,Cancelled
311941,ClearGenius Innovations,R4500284625,Cancelled
311941,ClearGenius Innovations,R4500287024,Cancelled
311991,WaterSphere Technologies,PO000894,Cancelled
311991,WaterSphere Technologies,PO001024,Cancelled
311991,WaterSphere Technologies,PO001273,Cancelled
311991,WaterSphere Technologies,PO001604,Cancelled
311991,WaterSphere Technologies,PO001836,Cancelled
311991,WaterSphere Technologies,PO003415,Cancelled
311991,WaterSphere Technologies,PO003416,Cancelled
311991,WaterSphere Technologies,PO003422,Cancelled
311991,WaterSphere Technologies,PO009674,Cancelled
311991,WaterSphere Technologies,PO009865,Cancelled
311991,WaterSphere Technologies,PO012802,Cancelled
311991,WaterSphere Technologies,PO012832,Cancelled
311991,WaterSphere Technologies,PO012833,Cancelled
311991,WaterSphere Technologies,U4500282580,Cancelled
312432,HydroCraft Solutions,PO000052,Cancelled
312432,HydroCraft Solutions,PO001725,Cancelled
312432,HydroCraft Solutions,PO001726,Cancelled
312432,HydroCraft Solutions,PO002198,Cancelled
312432,HydroCraft Solutions,PO002199,Cancelled
312432,HydroCraft Solutions,PO002459,Cancelled
312432,HydroCraft Solutions,PO003663,Cancelled
312432,HydroCraft Solutions,PO003749,Cancelled
312432,HydroCraft Solutions,PO003846,Cancelled
312432,HydroCraft Solutions,PO003847,Cancelled
312432,HydroCraft Solutions,PO004261,Cancelled
312432,HydroCraft Solutions,PO004422,Cancelled
312432,HydroCraft Solutions,PO004572,Cancelled
312432,HydroCraft Solutions,PO004586,Cancelled
312432,HydroCraft Solutions,PO004674,Cancelled
312432,HydroCraft Solutions,PO004676,Cancelled
312432,HydroCraft Solutions,PO006137,Cancelled
312432,HydroCraft Solutions,PO006940,Cancelled
312432,HydroCraft Solutions,PO006971,Cancelled
312432,HydroCraft Solutions,PO007512,Cancelled
312432,HydroCraft Solutions,PO008148,Cancelled
312432,HydroCraft Solutions,PO008247,Cancelled
312432,HydroCraft Solutions,PO008593,Cancelled
312432,HydroCraft Solutions,PO008751,Cancelled
312432,HydroCraft Solutions,PO008853,Cancelled
312432,HydroCraft Solutions,PO010905,Cancelled
312432,HydroCraft Solutions,PO011651,Cancelled
312432,HydroCraft Solutions,U4500279695,Cancelled
312490,FluidWorks Innovations,PO002809,Cancelled
312490,FluidWorks Innovations,PO008034,Cancelled
312490,FluidWorks Innovations,PO008640,Cancelled
312797,ClearSphere Engineering,PO000068,Cancelled
312797,ClearSphere Engineering,PO000115,Cancelled
312797,ClearSphere Engineering,PO000156,Cancelled
312797,ClearSphere Engineering,PO000470,Cancelled
312797,ClearSphere Engineering,PO000601,Cancelled
312797,ClearSphere Engineering,PO000602,Cancelled
312797,ClearSphere Engineering,PO000868,Cancelled
312797,ClearSphere Engineering,PO000948,Cancelled
312797,ClearSphere Engineering,PO001036,Cancelled
312797,ClearSphere Engineering,PO001264,Cancelled
312797,ClearSphere Engineering,PO001265,Cancelled
312797,ClearSphere Engineering,PO001449,Cancelled
312797,ClearSphere Engineering,PO001452,Cancelled
312797,ClearSphere Engineering,PO001670,Cancelled
312797,ClearSphere Engineering,PO001692,Cancelled
312797,ClearSphere Engineering,PO001779,Cancelled
312797,ClearSphere Engineering,PO002084,Cancelled
312797,ClearSphere Engineering,PO002200,Cancelled
312797,ClearSphere Engineering,PO002204,Cancelled
312797,ClearSphere Engineering,PO007132,Cancelled
312797,ClearSphere Engineering,PO007138,Cancelled
312797,ClearSphere Engineering,PO007168,Cancelled
312797,ClearSphere Engineering,PO010720,Cancelled
312797,ClearSphere Engineering,S4500279692,Cancelled
312797,ClearSphere Engineering,U4500287023,Cancelled
312856,WaterTech Solutions,PO002316,Cancelled
312856,WaterTech Solutions,PO002568,Cancelled
312856,WaterTech Solutions,PO004248,Cancelled
312856,WaterTech Solutions,PO010575,Cancelled
313036,HydroGenius Constructors,BD337 BORDON ENABLIN,Cancelled
313278,AquaTech Builders, PO004524,Cancelled
313278,AquaTech Builders,PO000101,Cancelled
313278,AquaTech Builders,PO000170,Cancelled
313278,AquaTech Builders,PO000357,Cancelled
313278,AquaTech Builders,PO000552,Cancelled
313278,AquaTech Builders,PO000765,Cancelled
313278,AquaTech Builders,PO001038,Cancelled
313278,AquaTech Builders,PO001164,Cancelled
313278,AquaTech Builders,PO001339,Cancelled
313278,AquaTech Builders,PO001584,Cancelled
313278,AquaTech Builders,PO001720,Cancelled
313278,AquaTech Builders,PO001824,Cancelled
313278,AquaTech Builders,PO001896,Cancelled
313278,AquaTech Builders,PO001953,Cancelled
313278,AquaTech Builders,PO002091,Cancelled
313278,AquaTech Builders,PO003078,Cancelled
313278,AquaTech Builders,PO003447,Cancelled
313278,AquaTech Builders,PO003448,Cancelled
313278,AquaTech Builders,PO003770,Cancelled
313278,AquaTech Builders,PO003820,Cancelled
313278,AquaTech Builders,PO003831,Cancelled
313278,AquaTech Builders,PO003861,Cancelled
313278,AquaTech Builders,PO003893,Cancelled
313278,AquaTech Builders,PO003895,Cancelled
313278,AquaTech Builders,PO003896,Cancelled
313278,AquaTech Builders,PO003900,Cancelled
313278,AquaTech Builders,PO003901,Cancelled
313278,AquaTech Builders,PO003902,Cancelled
313278,AquaTech Builders,PO003904,Cancelled
313278,AquaTech Builders,PO003961,Cancelled
313278,AquaTech Builders,PO003991,Cancelled
313278,AquaTech Builders,PO003994,Cancelled
313278,AquaTech Builders,PO003995,Cancelled
313278,AquaTech Builders,PO004011,Cancelled
313278,AquaTech Builders,PO004297,Cancelled
313278,AquaTech Builders,PO004524,Cancelled
313278,AquaTech Builders,PO004692,Cancelled
313278,AquaTech Builders,PO004770,Cancelled
313278,AquaTech Builders,PO004809,Cancelled
313278,AquaTech Builders,PO004858,Cancelled
313278,AquaTech Builders,PO006481,Cancelled
313278,AquaTech Builders,PO012292,Cancelled
313278,AquaTech Builders,R4500288584,Cancelled
313278,AquaTech Builders,R4500288585,Cancelled
313675,WaterGenius Solutions,PO006440,Cancelled
314078,AquaFlow Engineering,PO012953,Cancelled
314109,HydroLogic Solutions,PO000450,Cancelled
314109,HydroLogic Solutions,PO000451,Cancelled
314141,FluidGenix Constructors,U4500279401,Cancelled
314155,AquaWorks Innovations,PO011391,Cancelled
314155,AquaWorks Innovations,PO013602,Cancelled
314657,ClearWave Builders,PO001406,Cancelled
314657,ClearWave Builders,PO001708,Cancelled
314657,ClearWave Builders,PO001709,Cancelled
314657,ClearWave Builders,PO001798,Cancelled
314657,ClearWave Builders,PO002158,Cancelled
314657,ClearWave Builders,PO002172,Cancelled
314657,ClearWave Builders,PO002175,Cancelled
314657,ClearWave Builders,PO002177,Cancelled
314657,ClearWave Builders,PO002851,Cancelled
314657,ClearWave Builders,PO002852,Cancelled
314657,ClearWave Builders,PO002856,Cancelled
314657,ClearWave Builders,PO005087,Cancelled
314657,ClearWave Builders,PO006265,Cancelled
314768,WaterCraft Technologies,PO000065,Cancelled
314768,WaterCraft Technologies,PO000201,Cancelled
314768,WaterCraft Technologies,PO000710,Cancelled
314768,WaterCraft Technologies,PO000984,Cancelled
314768,WaterCraft Technologies,PO001295,Cancelled
314768,WaterCraft Technologies,PO001347,Cancelled
314768,WaterCraft Technologies,PO001348,Cancelled
314768,WaterCraft Technologies,PO001639,Cancelled
314768,WaterCraft Technologies,PO001642,Cancelled
314768,WaterCraft Technologies,PO001831,Cancelled
314768,WaterCraft Technologies,PO001847,Cancelled
314768,WaterCraft Technologies,PO002039,Cancelled
314768,WaterCraft Technologies,PO002399,Cancelled
314768,WaterCraft Technologies,PO011029,Cancelled
314814,AquaSphere Solutions,PO006296,Cancelled
314814,AquaSphere Solutions,R4500220769,Cancelled
314814,AquaSphere Solutions,R4500270557,Cancelled
314821,HydroNet Innovations,R4500228204,Cancelled
314821,HydroNet Innovations,R4500230080,Cancelled
315063,FluidLogic Constructors,PO005426,Cancelled
315063,FluidLogic Constructors,PO005481,Cancelled
315063,FluidLogic Constructors,PO006027,Cancelled
315063,FluidLogic Constructors,PO006403,Cancelled
315063,FluidLogic Constructors,PO007200,Cancelled
315063,FluidLogic Constructors,PO008626,Cancelled
315063,FluidLogic Constructors,PO009528,Cancelled
315063,FluidLogic Constructors,R4500237886,Cancelled
315063,FluidLogic Constructors,U4500283494,Cancelled
315063,FluidLogic Constructors,U4500285168,Cancelled
315133,AquaPulse Technologies,PO002762,Cancelled
315148,CrystalTech Solutions,PO001672,Cancelled
315558,WaterSphere Engineering,R4500278320,Cancelled
315558,WaterSphere Engineering,R4500278322,Cancelled
315558,WaterSphere Engineering,R4500278323,Cancelled
315558,WaterSphere Engineering,R4500287022,Cancelled
315681,HydroSphere Solutions,U4500278584,Cancelled
316039,AquaCore Innovations,PO000472,Cancelled
316039,AquaCore Innovations,PO000476,Cancelled
316319,WaterLogic Constructors,PO000797,Cancelled
316319,WaterLogic Constructors,PO004244,Cancelled
316374,AquaGen Innovations,PO000163,Cancelled
316374,AquaGen Innovations,PO000406,Cancelled
316524,Apex Solutions Ltd.,PO011081,Cancelled
316674,Britannia Techworks,PO000103,Cancelled
316674,Britannia Techworks,PO000300,Cancelled
316674,Britannia Techworks,PO000617,Cancelled
316674,Britannia Techworks,PO001728,Cancelled
316674,Britannia Techworks,PO001740,Cancelled
316674,Britannia Techworks,PO001960,Cancelled
316674,Britannia Techworks,PO002024,Cancelled
316674,Britannia Techworks,PO003374,Cancelled
316674,Britannia Techworks,PO003376,Cancelled
316674,Britannia Techworks,PO003377,Cancelled
316674,Britannia Techworks,PO003379,Cancelled
316674,Britannia Techworks,PO003382,Cancelled
316674,Britannia Techworks,PO003386,Cancelled
316674,Britannia Techworks,PO003402,Cancelled
316674,Britannia Techworks,PO003417,Cancelled
316674,Britannia Techworks,PO003435,Cancelled
316674,Britannia Techworks,PO003450,Cancelled
316674,Britannia Techworks,PO003452,Cancelled
316674,Britannia Techworks,PO003478,Cancelled
316674,Britannia Techworks,PO003479,Cancelled
316674,Britannia Techworks,PO003525,Cancelled
316674,Britannia Techworks,PO003552,Cancelled
316674,Britannia Techworks,PO003577,Cancelled
316674,Britannia Techworks,PO003578,Cancelled
316674,Britannia Techworks,PO003620,Cancelled
316674,Britannia Techworks,PO003646,Cancelled
316674,Britannia Techworks,PO003706,Cancelled
316674,Britannia Techworks,PO003935,Cancelled
316674,Britannia Techworks,PO004024,Cancelled
316674,Britannia Techworks,PO004025,Cancelled
316674,Britannia Techworks,PO004051,Cancelled
316674,Britannia Techworks,PO004052,Cancelled
316674,Britannia Techworks,PO004101,Cancelled
316674,Britannia Techworks,PO004103,Cancelled
316674,Britannia Techworks,PO004154,Cancelled
316674,Britannia Techworks,PO004165,Cancelled
316674,Britannia Techworks,PO004682,Cancelled
316674,Britannia Techworks,PO004763,Cancelled
316674,Britannia Techworks,PO004773,Cancelled
316674,Britannia Techworks,PO005218,Cancelled
316674,Britannia Techworks,PO005219,Cancelled
316674,Britannia Techworks,R4500254239,Cancelled
316674,Britannia Techworks,R4500286703,Cancelled
317003,Echelon Dynamics,R4500274352,Cancelled
317003,Echelon Dynamics,R4500284740,Cancelled
317217,FalconX Ventures,PO000061,Cancelled
317217,FalconX Ventures,PO000386,Cancelled
317217,FalconX Ventures,PO002471,Cancelled
317217,FalconX Ventures,PO003090,Cancelled
317217,FalconX Ventures,PO003410,Cancelled
317217,FalconX Ventures,PO004260,Cancelled
317217,FalconX Ventures,PO010186,Cancelled
317217,FalconX Ventures,PO010227,Cancelled
317217,FalconX Ventures,PO010232,Cancelled
317444,GigaByte Industries,PO005457,Cancelled
317444,GigaByte Industries,PO007322,Cancelled
317444,GigaByte Industries,PO007870,Cancelled
317444,GigaByte Industries,PO009844,Cancelled
317444,GigaByte Industries,PO013212,Cancelled
317444,GigaByte Industries,U4500279415,Cancelled
317460,HiveMind Systems,PO006025,Cancelled
317460,HiveMind Systems,PO006703,Cancelled
317460,HiveMind Systems,PO010806,Cancelled
317460,HiveMind Systems,PO013019,Cancelled
317470,Jumpstart Technologies,PO000019,Cancelled
317470,Jumpstart Technologies,PO000225,Cancelled
317470,Jumpstart Technologies,PO000756,Cancelled
317470,Jumpstart Technologies,PO000866,Cancelled
317470,Jumpstart Technologies,PO000870,Cancelled
317470,Jumpstart Technologies,PO001570,Cancelled
317470,Jumpstart Technologies,PO001646,Cancelled
317470,Jumpstart Technologies,PO001741,Cancelled
317470,Jumpstart Technologies,PO001742,Cancelled
317470,Jumpstart Technologies,PO003658,Cancelled
317470,Jumpstart Technologies,PO003674,Cancelled
317470,Jumpstart Technologies,PO004787,Cancelled
317470,Jumpstart Technologies,PO005518,Cancelled
317470,Jumpstart Technologies,PO007231,Cancelled
317470,Jumpstart Technologies,PO009846,Cancelled
317470,Jumpstart Technologies,PO010065,Cancelled
317470,Jumpstart Technologies,PO010855,Cancelled
317470,Jumpstart Technologies,PO011426,Cancelled
317470,Jumpstart Technologies,PO013910,Cancelled
317680,KnightShield Enterprises,PO007588,Cancelled
318084,Lumos Energy Solutions,R4500284758,Cancelled
318227,Matrix Robotics,PO001560,Cancelled
318255,Nimbus Analytics,PO005508,Cancelled
318255,Nimbus Analytics,PO005523,Cancelled
318255,Nimbus Analytics,PO005591,Cancelled
318255,Nimbus Analytics,PO005597,Cancelled
318255,Nimbus Analytics,PO006211,Cancelled
318255,Nimbus Analytics,R4500275448,Cancelled
318273,Omega Global Ventures,PO000070,Cancelled
318273,Omega Global Ventures,PO001083,Cancelled
318273,Omega Global Ventures,PO008727,Cancelled
318319,Pinnacle BioTech,PO009409,Cancelled
318355,Radian Cybersecurity,PO011356,Cancelled
318498,TerraNova BioPharma,PO001487,Cancelled
318498,TerraNova BioPharma,PO001558,Cancelled
318498,TerraNova BioPharma,PO001562,Cancelled
318498,TerraNova BioPharma,PO003282,Cancelled
318498,TerraNova BioPharma,PO005233,Cancelled
318498,TerraNova BioPharma,PO005234,Cancelled
318498,TerraNova BioPharma,PO005235,Cancelled
318498,TerraNova BioPharma,PO005236,Cancelled
318498,TerraNova BioPharma,PO005237,Cancelled
318498,TerraNova BioPharma,PO005238,Cancelled
318498,TerraNova BioPharma,PO005239,Cancelled
318498,TerraNova BioPharma,PO005240,Cancelled
318498,TerraNova BioPharma,PO007204,Cancelled
318498,TerraNova BioPharma,PO010462,Cancelled
318498,TerraNova BioPharma,PO012581,Cancelled
318498,TerraNova BioPharma,PO012976,Cancelled
318498,TerraNova BioPharma,PO012977,Cancelled
318754,WonderWeave Textiles,PO000467,Cancelled
318754,WonderWeave Textiles,PO000603,Cancelled
318754,WonderWeave Textiles,PO000855,Cancelled
318754,WonderWeave Textiles,PO000925,Cancelled
318754,WonderWeave Textiles,PO001353,Cancelled
318754,WonderWeave Textiles,PO001912,Cancelled
318924,Zenith Healthcare,PO002223,Cancelled
318924,Zenith Healthcare,PO011077,Cancelled
319068,BrightSpark Electronics,PO003824,Cancelled
319068,BrightSpark Electronics,PO004122,Cancelled
319204,Dragonstone Innovations,PO000069,Cancelled
319204,Dragonstone Innovations,PO000159,Cancelled
319204,Dragonstone Innovations,PO000169,Cancelled
319204,Dragonstone Innovations,PO000616,Cancelled
319204,Dragonstone Innovations,PO000643,Cancelled
319204,Dragonstone Innovations,PO000989,Cancelled
319204,Dragonstone Innovations,PO000999,Cancelled
319204,Dragonstone Innovations,PO001030,Cancelled
319204,Dragonstone Innovations,PO001123,Cancelled
319204,Dragonstone Innovations,PO001157,Cancelled
319204,Dragonstone Innovations,PO001298,Cancelled
319204,Dragonstone Innovations,PO001319,Cancelled
319204,Dragonstone Innovations,PO001324,Cancelled
319204,Dragonstone Innovations,PO001456,Cancelled
319204,Dragonstone Innovations,PO001460,Cancelled
319204,Dragonstone Innovations,PO001729,Cancelled
319204,Dragonstone Innovations,PO001828,Cancelled
319204,Dragonstone Innovations,PO001869,Cancelled
319204,Dragonstone Innovations,PO001916,Cancelled
319204,Dragonstone Innovations,PO002041,Cancelled
319204,Dragonstone Innovations,PO002194,Cancelled
319204,Dragonstone Innovations,PO002686,Cancelled
319204,Dragonstone Innovations,PO002712,Cancelled
319204,Dragonstone Innovations,PO003330,Cancelled
319204,Dragonstone Innovations,PO005429,Cancelled
319204,Dragonstone Innovations,PO005700,Cancelled
319204,Dragonstone Innovations,PO006237,Cancelled
319204,Dragonstone Innovations,PO007122,Cancelled
319204,Dragonstone Innovations,PO007130,Cancelled
319204,Dragonstone Innovations,PO007136,Cancelled
319204,Dragonstone Innovations,PO007195,Cancelled
319204,Dragonstone Innovations,PO007648,Cancelled
319204,Dragonstone Innovations,PO007750,Cancelled
319204,Dragonstone Innovations,PO008197,Cancelled
319204,Dragonstone Innovations,PO008394,Cancelled
319204,Dragonstone Innovations,PO008475,Cancelled
319204,Dragonstone Innovations,PO008523,Cancelled
319204,Dragonstone Innovations,PO008541,Cancelled
319204,Dragonstone Innovations,PO008552,Cancelled
319204,Dragonstone Innovations,PO008763,Cancelled
319204,Dragonstone Innovations,PO008795,Cancelled
319204,Dragonstone Innovations,PO008998,Cancelled
319204,Dragonstone Innovations,PO009083,Cancelled
319204,Dragonstone Innovations,PO009114,Cancelled
319204,Dragonstone Innovations,PO009203,Cancelled
319204,Dragonstone Innovations,PO009303,Cancelled
319204,Dragonstone Innovations,PO009352,Cancelled
319204,Dragonstone Innovations,PO009398,Cancelled
319204,Dragonstone Innovations,PO009428,Cancelled
319204,Dragonstone Innovations,PO009462,Cancelled
319204,Dragonstone Innovations,PO009733,Cancelled
319204,Dragonstone Innovations,PO009763,Cancelled
319204,Dragonstone Innovations,PO009794,Cancelled
319204,Dragonstone Innovations,PO009961,Cancelled
319204,Dragonstone Innovations,PO010051,Cancelled
319204,Dragonstone Innovations,PO010185,Cancelled
319204,Dragonstone Innovations,PO010306,Cancelled
319204,Dragonstone Innovations,PO010494,Cancelled
319204,Dragonstone Innovations,PO010568,Cancelled
319204,Dragonstone Innovations,PO011016,Cancelled
319204,Dragonstone Innovations,PO011227,Cancelled
319204,Dragonstone Innovations,PO011438,Cancelled
319204,Dragonstone Innovations,PO011652,Cancelled
319204,Dragonstone Innovations,PO012301,Cancelled
319204,Dragonstone Innovations,PO012354,Cancelled
319204,Dragonstone Innovations,PO012469,Cancelled
319204,Dragonstone Innovations,PO012547,Cancelled
319204,Dragonstone Innovations,PO012553,Cancelled
319204,Dragonstone Innovations,PO012731,Cancelled
319204,Dragonstone Innovations,PO012772,Cancelled
319204,Dragonstone Innovations,PO013131,Cancelled
319204,Dragonstone Innovations,PO013274,Cancelled
319204,Dragonstone Innovations,PO013349,Cancelled
319204,Dragonstone Innovations,PO013369,Cancelled
319224,Elixir Genetics,PO001929,Cancelled
319276,Firebrand Digital,R4500279672,Cancelled
319513,HelixX Technologies,PO000109,Cancelled
319513,HelixX Technologies,PO000410,Cancelled
319513,HelixX Technologies,PO000536,Cancelled
319513,HelixX Technologies,PO000544,Cancelled
319513,HelixX Technologies,PO000566,Cancelled
319513,HelixX Technologies,PO000586,Cancelled
319513,HelixX Technologies,PO000627,Cancelled
319513,HelixX Technologies,PO000645,Cancelled
319513,HelixX Technologies,PO000841,Cancelled
319513,HelixX Technologies,PO001027,Cancelled
319513,HelixX Technologies,PO001127,Cancelled
319513,HelixX Technologies,PO001131,Cancelled
319513,HelixX Technologies,PO001199,Cancelled
319513,HelixX Technologies,PO001364,Cancelled
319513,HelixX Technologies,PO001552,Cancelled
319513,HelixX Technologies,PO001599,Cancelled
319513,HelixX Technologies,PO001610,Cancelled
319513,HelixX Technologies,PO001614,Cancelled
319513,HelixX Technologies,PO002081,Cancelled
319513,HelixX Technologies,PO002205,Cancelled
319513,HelixX Technologies,PO002250,Cancelled
319513,HelixX Technologies,PO002265,Cancelled
319513,HelixX Technologies,PO002266,Cancelled
319513,HelixX Technologies,PO002267,Cancelled
319513,HelixX Technologies,PO002268,Cancelled
319513,HelixX Technologies,PO002279,Cancelled
319513,HelixX Technologies,PO002283,Cancelled
319513,HelixX Technologies,PO002452,Cancelled
319513,HelixX Technologies,PO002560,Cancelled
319513,HelixX Technologies,PO002610,Cancelled
319513,HelixX Technologies,PO002611,Cancelled
319513,HelixX Technologies,PO002615,Cancelled
319513,HelixX Technologies,PO002680,Cancelled
319513,HelixX Technologies,PO002825,Cancelled
319513,HelixX Technologies,PO003306,Cancelled
319513,HelixX Technologies,PO003315,Cancelled
319513,HelixX Technologies,PO003360,Cancelled
319513,HelixX Technologies,PO003541,Cancelled
319513,HelixX Technologies,PO003662,Cancelled
319513,HelixX Technologies,PO003665,Cancelled
319513,HelixX Technologies,PO003952,Cancelled
319513,HelixX Technologies,PO003974,Cancelled
319513,HelixX Technologies,PO004252,Cancelled
319513,HelixX Technologies,PO004396,Cancelled
319513,HelixX Technologies,PO004397,Cancelled
319513,HelixX Technologies,PO004398,Cancelled
319513,HelixX Technologies,PO004468,Cancelled
319513,HelixX Technologies,PO004711,Cancelled
319513,HelixX Technologies,PO004712,Cancelled
319513,HelixX Technologies,PO004713,Cancelled
319513,HelixX Technologies,PO005202,Cancelled
319513,HelixX Technologies,PO005253,Cancelled
319513,HelixX Technologies,PO005254,Cancelled
319513,HelixX Technologies,PO005284,Cancelled
319513,HelixX Technologies,PO005430,Cancelled
319513,HelixX Technologies,PO005520,Cancelled
319513,HelixX Technologies,PO005539,Cancelled
319513,HelixX Technologies,PO005558,Cancelled
319513,HelixX Technologies,PO005564,Cancelled
319513,HelixX Technologies,PO005680,Cancelled
319513,HelixX Technologies,PO005814,Cancelled
319513,HelixX Technologies,PO005943,Cancelled
319513,HelixX Technologies,PO006035,Cancelled
319513,HelixX Technologies,PO007362,Cancelled
319513,HelixX Technologies,PO007553,Cancelled
319513,HelixX Technologies,PO007563,Cancelled
319513,HelixX Technologies,PO009820,Cancelled
319513,HelixX Technologies,PO010059,Cancelled
319513,HelixX Technologies,PO010060,Cancelled
319513,HelixX Technologies,PO010177,Cancelled
319513,HelixX Technologies,PO010197,Cancelled
319513,HelixX Technologies,PO010533,Cancelled
319513,HelixX Technologies,PO012561,Cancelled
319513,HelixX Technologies,PO013587,Cancelled
319513,HelixX Technologies,R4500272564,Cancelled
319513,HelixX Technologies,R4500284756,Cancelled
319617,InnoVista Solutions,PO002491,Cancelled
319670,Javelin Robotics,PO001564,Cancelled
319670,Javelin Robotics,PO004744,Cancelled
319771,Kinesis Dynamics,PO000314,Cancelled
319771,Kinesis Dynamics,PO000385,Cancelled
319790,Nexus Interactive, PO002289,Cancelled
319790,Nexus Interactive,PO000846,Cancelled
319790,Nexus Interactive,PO000904,Cancelled
319790,Nexus Interactive,PO001134,Cancelled
319790,Nexus Interactive,PO001152,Cancelled
319790,Nexus Interactive,PO001306,Cancelled
319790,Nexus Interactive,PO001329,Cancelled
319790,Nexus Interactive,PO001336,Cancelled
319790,Nexus Interactive,PO001434,Cancelled
319790,Nexus Interactive,PO001435,Cancelled
319790,Nexus Interactive,PO001467,Cancelled
319790,Nexus Interactive,PO001810,Cancelled
319790,Nexus Interactive,PO001897,Cancelled
319790,Nexus Interactive,PO002049,Cancelled
319790,Nexus Interactive,PO002280,Cancelled
319790,Nexus Interactive,PO002322,Cancelled
319790,Nexus Interactive,PO002323,Cancelled
319790,Nexus Interactive,PO002324,Cancelled
319790,Nexus Interactive,PO002325,Cancelled
319790,Nexus Interactive,PO002326,Cancelled
319790,Nexus Interactive,PO002444,Cancelled
319790,Nexus Interactive,PO002445,Cancelled
319790,Nexus Interactive,PO002573,Cancelled
319790,Nexus Interactive,PO002584,Cancelled
319790,Nexus Interactive,PO002657,Cancelled
319790,Nexus Interactive,PO002696,Cancelled
319790,Nexus Interactive,PO002792,Cancelled
319790,Nexus Interactive,PO002799,Cancelled
319790,Nexus Interactive,PO002895,Cancelled
319790,Nexus Interactive,PO002912,Cancelled
319790,Nexus Interactive,PO002924,Cancelled
319790,Nexus Interactive,PO003131,Cancelled
319790,Nexus Interactive,PO003353,Cancelled
319790,Nexus Interactive,PO003359,Cancelled
319790,Nexus Interactive,PO003362,Cancelled
319790,Nexus Interactive,PO003517,Cancelled
319790,Nexus Interactive,PO003555,Cancelled
319790,Nexus Interactive,PO003586,Cancelled
319790,Nexus Interactive,PO003593,Cancelled
319790,Nexus Interactive,PO003613,Cancelled
319790,Nexus Interactive,PO003671,Cancelled
319790,Nexus Interactive,PO004003,Cancelled
319790,Nexus Interactive,PO004017,Cancelled
319790,Nexus Interactive,PO004026,Cancelled
319790,Nexus Interactive,PO004106,Cancelled
319790,Nexus Interactive,PO004164,Cancelled
319790,Nexus Interactive,PO004209,Cancelled
319790,Nexus Interactive,PO004257,Cancelled
319790,Nexus Interactive,PO004561,Cancelled
319790,Nexus Interactive,PO005137,Cancelled
319790,Nexus Interactive,PO005388,Cancelled
319790,Nexus Interactive,PO005604,Cancelled
319790,Nexus Interactive,PO007307,Cancelled
319790,Nexus Interactive,PO007959,Cancelled
319790,Nexus Interactive,PO009978,Cancelled
319790,Nexus Interactive,PO010001,Cancelled
319790,Nexus Interactive,PO010104,Cancelled
319790,Nexus Interactive,PO011657,Cancelled
319790,Nexus Interactive,PO011850,Cancelled
319790,Nexus Interactive,PO013171,Cancelled
319790,Nexus Interactive,PO013325,Cancelled
319790,Nexus Interactive,PO013351,Cancelled
319790,Nexus Interactive,PO013843,Cancelled
319790,Nexus Interactive,PO-BD002289,Cancelled
319790,Nexus Interactive,R4500271842,Cancelled
319810,Omnia Futuristics,PO006534,Cancelled
319950,Radiant Pharma, PO004265 EXTENSION,Cancelled
319967,Synapse Systems,PO000071,Cancelled
319967,Synapse Systems,PO000705,Cancelled
319967,Synapse Systems,PO000909,Cancelled
319967,Synapse Systems,PO001352,Cancelled
319967,Synapse Systems,PO001837,Cancelled
319967,Synapse Systems,PO002040,Cancelled
319967,Synapse Systems,PO003508,Cancelled
319967,Synapse Systems,PO003595,Cancelled
319967,Synapse Systems,PO004225,Cancelled
319967,Synapse Systems,PO004356,Cancelled
319967,Synapse Systems,PO004900,Cancelled
319967,Synapse Systems,PO005861,Cancelled
319967,Synapse Systems,PO007272,Cancelled
319967,Synapse Systems,PO007453,Cancelled
319967,Synapse Systems,PO007454,Cancelled
319967,Synapse Systems,PO007455,Cancelled
319967,Synapse Systems,PO008788,Cancelled
319967,Synapse Systems,PO009750,Cancelled
319967,Synapse Systems,PO009799,Cancelled
319967,Synapse Systems,PO009800,Cancelled
319967,Synapse Systems,PO013488,Cancelled
320105,Vantage BioSolutions,PO001935,Cancelled
320105,Vantage BioSolutions,R4500281118,Cancelled
320174,Wavelength Labs,PO002451,Cancelled
320174,Wavelength Labs,PO003080,Cancelled
320261,Xylon Innovations,PO000880,Cancelled
320268,ZephyrTech Solutions,PO000132,Cancelled
320268,ZephyrTech Solutions,PO000177,Cancelled
320268,ZephyrTech Solutions,PO000676,Cancelled
320268,ZephyrTech Solutions,PO000734,Cancelled
320268,ZephyrTech Solutions,PO000847,Cancelled
320268,ZephyrTech Solutions,PO000849,Cancelled
320268,ZephyrTech Solutions,PO001104,Cancelled
320268,ZephyrTech Solutions,PO001170,Cancelled
320268,ZephyrTech Solutions,PO001171,Cancelled
320268,ZephyrTech Solutions,PO001173,Cancelled
320268,ZephyrTech Solutions,PO001196,Cancelled
320268,ZephyrTech Solutions,PO001327,Cancelled
320268,ZephyrTech Solutions,PO001407,Cancelled
320268,ZephyrTech Solutions,PO001425,Cancelled
320268,ZephyrTech Solutions,PO001428,Cancelled
320268,ZephyrTech Solutions,PO001510,Cancelled
320268,ZephyrTech Solutions,PO001793,Cancelled
320268,ZephyrTech Solutions,PO001835,Cancelled
320268,ZephyrTech Solutions,PO002009,Cancelled
320268,ZephyrTech Solutions,PO002012,Cancelled
320268,ZephyrTech Solutions,PO002020,Cancelled
320268,ZephyrTech Solutions,PO002022,Cancelled
320268,ZephyrTech Solutions,PO002047,Cancelled
320268,ZephyrTech Solutions,PO002296,Cancelled
320268,ZephyrTech Solutions,PO002333,Cancelled
320268,ZephyrTech Solutions,PO002334,Cancelled
320268,ZephyrTech Solutions,PO002335,Cancelled
320268,ZephyrTech Solutions,PO002336,Cancelled
320268,ZephyrTech Solutions,PO002351,Cancelled
320268,ZephyrTech Solutions,PO002369,Cancelled
320268,ZephyrTech Solutions,PO002458,Cancelled
320268,ZephyrTech Solutions,PO002484,Cancelled
320268,ZephyrTech Solutions,PO002509,Cancelled
320268,ZephyrTech Solutions,PO002580,Cancelled
320268,ZephyrTech Solutions,PO002638,Cancelled
320268,ZephyrTech Solutions,PO002641,Cancelled
320268,ZephyrTech Solutions,PO002667,Cancelled
320268,ZephyrTech Solutions,PO002671,Cancelled
320268,ZephyrTech Solutions,PO002717,Cancelled
320268,ZephyrTech Solutions,PO002738,Cancelled
320268,ZephyrTech Solutions,PO002756,Cancelled
320268,ZephyrTech Solutions,PO002765,Cancelled
320268,ZephyrTech Solutions,PO002812,Cancelled
320268,ZephyrTech Solutions,PO002872,Cancelled
320268,ZephyrTech Solutions,PO002935,Cancelled
320268,ZephyrTech Solutions,PO002970,Cancelled
320268,ZephyrTech Solutions,PO002971,Cancelled
320268,ZephyrTech Solutions,PO003056,Cancelled
320268,ZephyrTech Solutions,PO003111,Cancelled
320268,ZephyrTech Solutions,PO003134,Cancelled
320268,ZephyrTech Solutions,PO003137,Cancelled
320268,ZephyrTech Solutions,PO003150,Cancelled
320268,ZephyrTech Solutions,PO003194,Cancelled
320268,ZephyrTech Solutions,PO003212,Cancelled
320268,ZephyrTech Solutions,PO003243,Cancelled
320268,ZephyrTech Solutions,PO003245,Cancelled
320268,ZephyrTech Solutions,PO003278,Cancelled
320268,ZephyrTech Solutions,PO003335,Cancelled
320268,ZephyrTech Solutions,PO003355,Cancelled
320268,ZephyrTech Solutions,PO003361,Cancelled
320268,ZephyrTech Solutions,PO003366,Cancelled
320268,ZephyrTech Solutions,PO003384,Cancelled
320268,ZephyrTech Solutions,PO003396,Cancelled
320268,ZephyrTech Solutions,PO003405,Cancelled
320268,ZephyrTech Solutions,PO003433,Cancelled
320268,ZephyrTech Solutions,PO003471,Cancelled
320268,ZephyrTech Solutions,PO003504,Cancelled
320268,ZephyrTech Solutions,PO003521,Cancelled
320268,ZephyrTech Solutions,PO003716,Cancelled
320268,ZephyrTech Solutions,PO003717,Cancelled
320268,ZephyrTech Solutions,PO003746,Cancelled
320268,ZephyrTech Solutions,PO003790,Cancelled
320268,ZephyrTech Solutions,PO003890,Cancelled
320268,ZephyrTech Solutions,PO003905,Cancelled
320268,ZephyrTech Solutions,PO003962,Cancelled
320268,ZephyrTech Solutions,PO003972,Cancelled
320268,ZephyrTech Solutions,PO003977,Cancelled
320268,ZephyrTech Solutions,PO003982,Cancelled
320268,ZephyrTech Solutions,PO003984,Cancelled
320268,ZephyrTech Solutions,PO003993,Cancelled
320268,ZephyrTech Solutions,PO004365,Cancelled
320268,ZephyrTech Solutions,PO004752,Cancelled
320268,ZephyrTech Solutions,PO005381,Cancelled
320268,ZephyrTech Solutions,PO005511,Cancelled
320268,ZephyrTech Solutions,PO005592,Cancelled
320268,ZephyrTech Solutions,PO006737,Cancelled
320268,ZephyrTech Solutions,PO006739,Cancelled
320268,ZephyrTech Solutions,PO006877,Cancelled
320268,ZephyrTech Solutions,PO006990,Cancelled
320268,ZephyrTech Solutions,PO007139,Cancelled
320268,ZephyrTech Solutions,PO007449,Cancelled
320268,ZephyrTech Solutions,PO007544,Cancelled
320268,ZephyrTech Solutions,PO007665,Cancelled
320268,ZephyrTech Solutions,PO007792,Cancelled
320268,ZephyrTech Solutions,PO007892,Cancelled
320268,ZephyrTech Solutions,PO008449,Cancelled
320268,ZephyrTech Solutions,PO008933,Cancelled
320268,ZephyrTech Solutions,PO009657,Cancelled
320268,ZephyrTech Solutions,PO010072,Cancelled
320268,ZephyrTech Solutions,PO010125,Cancelled
320268,ZephyrTech Solutions,PO010332,Cancelled
320268,ZephyrTech Solutions,PO010584,Cancelled
320268,ZephyrTech Solutions,PO010617,Cancelled
320268,ZephyrTech Solutions,PO010764,Cancelled
320268,ZephyrTech Solutions,PO010765,Cancelled
320268,ZephyrTech Solutions,PO013226,Cancelled
320268,ZephyrTech Solutions,PO013742,Cancelled
320268,ZephyrTech Solutions,R4500279209,Cancelled
320287,Atomica Energy,PO009870,Cancelled
320301,BlueLoom Industries,PO001345,Cancelled
320311,CogniTech Solutions,PO011577,Cancelled
320311,CogniTech Solutions,PO011578,Cancelled
320312,DynamicDNA Analytics,PO002517,Cancelled
320312,DynamicDNA Analytics,PO004008,Cancelled
320479,Helios Dynamics,320479,Cancelled
320513,InfiniFusion Tech,PO001891,Cancelled
320523,JupiterWave Media,PO000136,Cancelled
320523,JupiterWave Media,PO000276,Cancelled
320523,JupiterWave Media,PO000560,Cancelled
320523,JupiterWave Media,PO001683,Cancelled
320523,JupiterWave Media,PO002030,Cancelled
320523,JupiterWave Media,PO002109,Cancelled
320523,JupiterWave Media,PO002269,Cancelled
320523,JupiterWave Media,PO002271,Cancelled
320523,JupiterWave Media,PO002272,Cancelled
320523,JupiterWave Media,PO002373,Cancelled
320523,JupiterWave Media,PO002416,Cancelled
320523,JupiterWave Media,PO002417,Cancelled
320523,JupiterWave Media,PO002485,Cancelled
320523,JupiterWave Media,PO002681,Cancelled
320523,JupiterWave Media,PO003067,Cancelled
320523,JupiterWave Media,PO003176,Cancelled
320523,JupiterWave Media,PO003225,Cancelled
320523,JupiterWave Media,PO003441,Cancelled
320523,JupiterWave Media,PO003718,Cancelled
320523,JupiterWave Media,PO003826,Cancelled
320523,JupiterWave Media,PO004091,Cancelled
320523,JupiterWave Media,PO004127,Cancelled
320523,JupiterWave Media,PO004540,Cancelled
320523,JupiterWave Media,PO004541,Cancelled
320523,JupiterWave Media,PO004542,Cancelled
320523,JupiterWave Media,PO004587,Cancelled
320523,JupiterWave Media,PO004631,Cancelled
320523,JupiterWave Media,PO004983,Cancelled
320523,JupiterWave Media,PO005097,Cancelled
320523,JupiterWave Media,PO005098,Cancelled
320523,JupiterWave Media,PO005099,Cancelled
320523,JupiterWave Media,PO005100,Cancelled
320523,JupiterWave Media,PO005101,Cancelled
320523,JupiterWave Media,PO005102,Cancelled
320523,JupiterWave Media,PO005103,Cancelled
320523,JupiterWave Media,PO005104,Cancelled
320523,JupiterWave Media,PO005328,Cancelled
320523,JupiterWave Media,PO005329,Cancelled
320523,JupiterWave Media,PO005330,Cancelled
320523,JupiterWave Media,PO005331,Cancelled
320523,JupiterWave Media,PO005332,Cancelled
320523,JupiterWave Media,PO005333,Cancelled
320523,JupiterWave Media,PO005334,Cancelled
320523,JupiterWave Media,PO005335,Cancelled
320523,JupiterWave Media,PO005336,Cancelled
320523,JupiterWave Media,PO005337,Cancelled
320523,JupiterWave Media,PO005397,Cancelled
320523,JupiterWave Media,PO005681,Cancelled
320523,JupiterWave Media,PO005689,Cancelled
320523,JupiterWave Media,PO006663,Cancelled
320523,JupiterWave Media,PO007966,Cancelled
320523,JupiterWave Media,PO008100,Cancelled
320523,JupiterWave Media,PO008569,Cancelled
320523,JupiterWave Media,PO009408,Cancelled
320523,JupiterWave Media,PO009551,Cancelled
320523,JupiterWave Media,PO009906,Cancelled
320523,JupiterWave Media,PO013391,Cancelled
320523,JupiterWave Media,U4500279694,Cancelled
320525,KinetiCore Robotics,PO000316,Cancelled
320525,KinetiCore Robotics,PO000859,Cancelled
320525,KinetiCore Robotics,PO000864,Cancelled
320525,KinetiCore Robotics,PO000865,Cancelled
320525,KinetiCore Robotics,PO001886,Cancelled
320525,KinetiCore Robotics,PO003323,Cancelled
320525,KinetiCore Robotics,PO003850,Cancelled
320525,KinetiCore Robotics,PO011109,Cancelled
320525,KinetiCore Robotics,PO011130,Cancelled
320525,KinetiCore Robotics,PO011948,Cancelled
320525,KinetiCore Robotics,U4500289675,Cancelled
320540,LumenVista Ltd.,PO000140,Cancelled
320540,LumenVista Ltd.,PO001718,Cancelled
320564,NeuroNexxus Tech,PO000631,Cancelled
400037,ProtonStar Innovations,PO002121,Cancelled
400037,ProtonStar Innovations,PO002124,Cancelled
400037,ProtonStar Innovations,PO002832,Cancelled
400038,Quellion Pharmaceuticals,4500287253,Cancelled
400040,RadiantMind Tech,PO000064,Cancelled
400040,RadiantMind Tech,PO000160,Cancelled
400040,RadiantMind Tech,PO000168,Cancelled
400040,RadiantMind Tech,PO000174,Cancelled
400040,RadiantMind Tech,PO000183,Cancelled
400040,RadiantMind Tech,PO000184,Cancelled
400040,RadiantMind Tech,PO000185,Cancelled
400040,RadiantMind Tech,PO000186,Cancelled
400040,RadiantMind Tech,PO000187,Cancelled
400040,RadiantMind Tech,PO000188,Cancelled
400040,RadiantMind Tech,PO000191,Cancelled
400040,RadiantMind Tech,PO000227,Cancelled
400040,RadiantMind Tech,PO000230,Cancelled
400040,RadiantMind Tech,PO000240,Cancelled
400040,RadiantMind Tech,PO000242,Cancelled
400040,RadiantMind Tech,PO000252,Cancelled
400040,RadiantMind Tech,PO000277,Cancelled
400040,RadiantMind Tech,PO000330,Cancelled
400040,RadiantMind Tech,PO000371,Cancelled
400040,RadiantMind Tech,PO000390,Cancelled
400040,RadiantMind Tech,PO000463,Cancelled
400040,RadiantMind Tech,PO000464,Cancelled
400040,RadiantMind Tech,PO000559,Cancelled
400040,RadiantMind Tech,PO000611,Cancelled
400040,RadiantMind Tech,PO000658,Cancelled
400040,RadiantMind Tech,PO000661,Cancelled
400040,RadiantMind Tech,PO000744,Cancelled
400040,RadiantMind Tech,PO000885,Cancelled
400040,RadiantMind Tech,PO000954,Cancelled
400040,RadiantMind Tech,PO000968,Cancelled
400040,RadiantMind Tech,PO001159,Cancelled
400040,RadiantMind Tech,PO001167,Cancelled
400040,RadiantMind Tech,PO001192,Cancelled
400040,RadiantMind Tech,PO001297,Cancelled
400040,RadiantMind Tech,PO001318,Cancelled
400040,RadiantMind Tech,PO001622,Cancelled
400040,RadiantMind Tech,PO001723,Cancelled
400040,RadiantMind Tech,PO001875,Cancelled
400040,RadiantMind Tech,PO001876,Cancelled
400040,RadiantMind Tech,PO001878,Cancelled
400040,RadiantMind Tech,PO002162,Cancelled
400040,RadiantMind Tech,PO002201,Cancelled
400040,RadiantMind Tech,PO002277,Cancelled
400040,RadiantMind Tech,PO003401,Cancelled
400040,RadiantMind Tech,PO004634,Cancelled
400040,RadiantMind Tech,PO004757,Cancelled
400040,RadiantMind Tech,PO005262,Cancelled
400040,RadiantMind Tech,PO006056,Cancelled
400040,RadiantMind Tech,PO006114,Cancelled
400040,RadiantMind Tech,PO006140,Cancelled
400040,RadiantMind Tech,PO006412,Cancelled
400040,RadiantMind Tech,PO006414,Cancelled
400040,RadiantMind Tech,PO006830,Cancelled
400040,RadiantMind Tech,PO007123,Cancelled
400040,RadiantMind Tech,PO007131,Cancelled
400040,RadiantMind Tech,PO007137,Cancelled
400040,RadiantMind Tech,PO007354,Cancelled
400040,RadiantMind Tech,PO007418,Cancelled
400040,RadiantMind Tech,PO007521,Cancelled
400040,RadiantMind Tech,PO007528,Cancelled
400040,RadiantMind Tech,PO007529,Cancelled
400040,RadiantMind Tech,PO007891,Cancelled
400040,RadiantMind Tech,PO008059,Cancelled
400040,RadiantMind Tech,PO008224,Cancelled
400040,RadiantMind Tech,PO008283,Cancelled
400040,RadiantMind Tech,PO008298,Cancelled
400040,RadiantMind Tech,PO008483,Cancelled
400040,RadiantMind Tech,PO008531,Cancelled
400040,RadiantMind Tech,PO008591,Cancelled
400040,RadiantMind Tech,PO008704,Cancelled
400040,RadiantMind Tech,PO009663,Cancelled
400040,RadiantMind Tech,PO009719,Cancelled
400040,RadiantMind Tech,PO009742,Cancelled
400040,RadiantMind Tech,PO009778,Cancelled
400040,RadiantMind Tech,PO009915,Cancelled
400040,RadiantMind Tech,PO009937,Cancelled
400040,RadiantMind Tech,PO010053,Cancelled
400040,RadiantMind Tech,PO010187,Cancelled
400040,RadiantMind Tech,PO010190,Cancelled
400040,RadiantMind Tech,PO010245,Cancelled
400040,RadiantMind Tech,PO010314,Cancelled
400040,RadiantMind Tech,PO010547,Cancelled
400040,RadiantMind Tech,PO010576,Cancelled
400040,RadiantMind Tech,PO010759,Cancelled
400040,RadiantMind Tech,PO010760,Cancelled
400040,RadiantMind Tech,PO010793,Cancelled
400040,RadiantMind Tech,PO010912,Cancelled
400040,RadiantMind Tech,PO010922,Cancelled
400040,RadiantMind Tech,PO011100,Cancelled
400040,RadiantMind Tech,PO012056,Cancelled
400042,Synthetix Solutions,R4500283328,Cancelled
400043,TechZenith Ltd.,U4500187808,Cancelled
400044,Uplift Dynamics,PO000218,Cancelled
400045,Veloce Innovations,PO003721,Cancelled
400045,Veloce Innovations,PO007419,Cancelled
400045,Veloce Innovations,PO007507,Cancelled
400045,Veloce Innovations,PO008265,Cancelled
400045,Veloce Innovations,PO012101,Cancelled
400048,Xentrix Robotics,PO000388,Cancelled
400048,Xentrix Robotics,PO000482,Cancelled
400048,Xentrix Robotics,PO000585,Cancelled
400048,Xentrix Robotics,PO001070,Cancelled
400048,Xentrix Robotics,PO001225,Cancelled
400048,Xentrix Robotics,PO001226,Cancelled
400048,Xentrix Robotics,PO001230,Cancelled
400048,Xentrix Robotics,PO001253,Cancelled
400048,Xentrix Robotics,PO001379,Cancelled
400048,Xentrix Robotics,PO001426,Cancelled
400048,Xentrix Robotics,PO010792,Cancelled
400049,ZypherTech Ltd.,PO000657,Cancelled
400049,ZypherTech Ltd.,PO006448,Cancelled
400049,ZypherTech Ltd.,PO006463,Cancelled
400049,ZypherTech Ltd.,PO006745,Cancelled
400049,ZypherTech Ltd.,PO006746,Cancelled
400051,BrainWave Dynamics,PO000510,Cancelled
400057,EonWave Systems,PO003828,Cancelled
400065,Juxtapose Innovations,PO002355,Cancelled
400065,Juxtapose Innovations,PO002356,Cancelled
400065,Juxtapose Innovations,PO002357,Cancelled
400065,Juxtapose Innovations,PO003371,Cancelled
400065,Juxtapose Innovations,PO004027,Cancelled
400065,Juxtapose Innovations,PO004695,Cancelled
400065,Juxtapose Innovations,PO004696,Cancelled
400065,Juxtapose Innovations,PO010817,Cancelled
400069,MyoTech Solutions,PO009866,Cancelled
400069,MyoTech Solutions,PO013669,Cancelled
400073,OmegaWave Robotics,PO001073,Cancelled
400073,OmegaWave Robotics,PO003222,Cancelled
400073,OmegaWave Robotics,PO004029,Cancelled
400073,OmegaWave Robotics,PO004974,Cancelled
400073,OmegaWave Robotics,PO010206,Cancelled
400073,OmegaWave Robotics,PO012041,Cancelled
400073,OmegaWave Robotics,PO013170,Cancelled
400075,Quixotix Dynamics,PO002585,Cancelled
400075,Quixotix Dynamics,PO002588,Cancelled
400083,Synthia Solutions,PO009908,Cancelled
400084,TechLoom Innovations,PO001970,Cancelled
400084,TechLoom Innovations,PO008837,Cancelled
400084,TechLoom Innovations,PO008888,Cancelled
400086,UnisonBio Ltd.,PO001936,Cancelled
400086,UnisonBio Ltd.,PO002435,Cancelled
400086,UnisonBio Ltd.,PO006462,Cancelled
400090,XyloCore Innovations,PO003932,Cancelled
400090,XyloCore Innovations,PO004995,Cancelled
400090,XyloCore Innovations,PO004996,Cancelled
400090,XyloCore Innovations,PO004997,Cancelled
400090,XyloCore Innovations,PO004998,Cancelled
400090,XyloCore Innovations,PO004999,Cancelled
400090,XyloCore Innovations,PO005000,Cancelled
400090,XyloCore Innovations,PO005001,Cancelled
400090,XyloCore Innovations,PO006590,Cancelled
400090,XyloCore Innovations,PO006591,Cancelled
400093,ApexZen Biomedics,PO003529,Cancelled
400105,JupiCore Robotics,PO008617,Cancelled
400106,KinetiQ BioSolutions,PO004189,Cancelled
400106,KinetiQ BioSolutions,PO005437,Cancelled
400106,KinetiQ BioSolutions,PO008849,Cancelled
400106,KinetiQ BioSolutions,PO008899,Cancelled
400108,MatrixGen Innovations,PO004707,Cancelled
400109,NeuroWave Dynamics,PO004500,Cancelled
400109,NeuroWave Dynamics,PO004577,Cancelled
400109,NeuroWave Dynamics,PO004872,Cancelled
400109,NeuroWave Dynamics,PO005014,Cancelled
400109,NeuroWave Dynamics,PO005039,Cancelled
400109,NeuroWave Dynamics,PO005090,Cancelled
400109,NeuroWave Dynamics,PO005091,Cancelled
400109,NeuroWave Dynamics,PO005158,Cancelled
400109,NeuroWave Dynamics,PO005162,Cancelled
400109,NeuroWave Dynamics,PO005179,Cancelled
400109,NeuroWave Dynamics,PO005204,Cancelled
400109,NeuroWave Dynamics,PO005205,Cancelled
400109,NeuroWave Dynamics,PO005225,Cancelled
400109,NeuroWave Dynamics,PO005244,Cancelled
400109,NeuroWave Dynamics,PO005246,Cancelled
400109,NeuroWave Dynamics,PO005299,Cancelled
400109,NeuroWave Dynamics,PO005300,Cancelled
400109,NeuroWave Dynamics,PO005419,Cancelled
400109,NeuroWave Dynamics,PO005491,Cancelled
400109,NeuroWave Dynamics,PO005667,Cancelled
400109,NeuroWave Dynamics,PO006062,Cancelled
400109,NeuroWave Dynamics,PO006253,Cancelled
400109,NeuroWave Dynamics,PO006286,Cancelled
400109,NeuroWave Dynamics,PO006640,Cancelled
400109,NeuroWave Dynamics,PO006641,Cancelled
400109,NeuroWave Dynamics,PO006894,Cancelled
400109,NeuroWave Dynamics,PO006905,Cancelled
400109,NeuroWave Dynamics,PO006963,Cancelled
400109,NeuroWave Dynamics,PO007126,Cancelled
400109,NeuroWave Dynamics,PO007174,Cancelled
400109,NeuroWave Dynamics,PO007273,Cancelled
400109,NeuroWave Dynamics,PO007367,Cancelled
400109,NeuroWave Dynamics,PO007533,Cancelled
400109,NeuroWave Dynamics,PO007659,Cancelled
400109,NeuroWave Dynamics,PO008390,Cancelled
400109,NeuroWave Dynamics,PO008484,Cancelled
400109,NeuroWave Dynamics,PO008765,Cancelled
400109,NeuroWave Dynamics,PO008879,Cancelled
400109,NeuroWave Dynamics,PO008880,Cancelled
400109,NeuroWave Dynamics,PO008956,Cancelled
400109,NeuroWave Dynamics,PO008973,Cancelled
400109,NeuroWave Dynamics,PO009077,Cancelled
400109,NeuroWave Dynamics,PO009394,Cancelled
400109,NeuroWave Dynamics,PO009481,Cancelled
400109,NeuroWave Dynamics,PO009546,Cancelled
400109,NeuroWave Dynamics,PO009628,Cancelled
400109,NeuroWave Dynamics,PO009824,Cancelled
400109,NeuroWave Dynamics,PO009832,Cancelled
400109,NeuroWave Dynamics,PO010027,Cancelled
400109,NeuroWave Dynamics,PO010063,Cancelled
400109,NeuroWave Dynamics,PO010116,Cancelled
400109,NeuroWave Dynamics,PO010502,Cancelled
400109,NeuroWave Dynamics,PO010733,Cancelled
400109,NeuroWave Dynamics,PO011264,Cancelled
400109,NeuroWave Dynamics,PO011700,Cancelled
400109,NeuroWave Dynamics,PO012704,Cancelled
400109,NeuroWave Dynamics,PO012784,Cancelled
400109,NeuroWave Dynamics,PO012908,Cancelled
400109,NeuroWave Dynamics,PO012963,Cancelled
400109,NeuroWave Dynamics,PO012964,Cancelled
400109,NeuroWave Dynamics,PO013033,Cancelled
400110,OptiNova BioPharma,PO005924,Cancelled
400110,OptiNova BioPharma,PO006398,Cancelled
400110,OptiNova BioPharma,PO006797,Cancelled
400110,OptiNova BioPharma,PO007044,Cancelled
400110,OptiNova BioPharma,PO007582,Cancelled
400110,OptiNova BioPharma,PO008053,Cancelled
400118,TechVista Ltd.,PO006338,Cancelled
400118,TechVista Ltd.,PO007118,Cancelled
400118,TechVista Ltd.,PO007408,Cancelled
400118,TechVista Ltd.,PO007463,Cancelled
400118,TechVista Ltd.,PO007608,Cancelled
400118,TechVista Ltd.,PO008750,Cancelled
400118,TechVista Ltd.,PO009953,Cancelled
400118,TechVista Ltd.,PO010834,Cancelled
400118,TechVista Ltd.,PO012603,Cancelled
400119,Uplift BioTech,PO007109,Cancelled
400120,VelociReach Solutions,PO006571,Cancelled
400121,WiseWise Analytics,PO008188,Cancelled
400121,WiseWise Analytics,PO008191,Cancelled
400121,WiseWise Analytics,PO008193,Cancelled
400123,XyloSol Robotics,PO005992,Cancelled
400123,XyloSol Robotics,PO006747,Cancelled
400125,AquaVerse BioSolutions,PO007593,Cancelled
400127,ChronoGen Tech,PO006217,Cancelled
400128,DynaXcel Robotics,PO006332,Cancelled
400130,Ferox Media,PO007442,Cancelled
400137,Juxtapose Tech,PO006761,Cancelled
400137,Juxtapose Tech,PO007101,Cancelled
400137,Juxtapose Tech,PO008470,Cancelled
400137,Juxtapose Tech,PO009797,Cancelled
400137,Juxtapose Tech,PO011412,Cancelled
400137,Juxtapose Tech,PO011837,Cancelled
400137,Juxtapose Tech,PO012898,Cancelled
400137,Juxtapose Tech,PO012899,Cancelled
400140,MyoDynamics Ltd.,PO009250,Cancelled
400140,MyoDynamics Ltd.,PO009357,Cancelled
400140,MyoDynamics Ltd.,PO009791,Cancelled
400140,MyoDynamics Ltd.,PO012619,Cancelled
400149,TechLume Dynamics,PO011139,Cancelled
400159,DigiCore Robotics,PO011929,Cancelled
400166,InfiniReach Solutions,PO009475,Cancelled
400166,InfiniReach Solutions,PO009968,Cancelled
400166,InfiniReach Solutions,PO010571,Cancelled
400166,InfiniReach Solutions,PO010741,Cancelled
400284,NeuroVista BioPharma,PO009939,Cancelled
400284,NeuroVista BioPharma,PO010023,Cancelled
400299,AquaGen Dynamics,PO010982,Cancelled
400299,AquaGen Dynamics,PO011704,Cancelled
400299,AquaGen Dynamics,PO011726,Cancelled
400299,AquaGen Dynamics,PO011813,Cancelled
400300,BrainReach Innovations,PO010675,Cancelled
400301,ChronoTech Solutions,PO010923,Cancelled
400312,LuminaX Dynamics,PO011271,Cancelled
400316,PrismaReach Solutions,PO011734,Cancelled
400318,RadiantCore Tech,PO011548,Cancelled
400319,SynthiSpark Solutions,PO012504,Cancelled
400320,TechXcel Innovations,PO012355,Cancelled
400320,TechXcel Innovations,PO012983,Cancelled
400342,NeuroXcel Innovations,PO013940,Cancelled
